{"key":"Camera-Unknown Mother-Goose","time":19.370656967163087,"playing":true,"version":92,"writeUtc":1760456911.3701633,"hasStart":false,"startUtc":0.0,"ev":92}